{
    "Amount": "i128",
    "AmountOf": "Amount",
    "CurrencyIdOf": "AssetId",
    "CurrencyId": "AssetId",
    "AssetInfo": {
        "token": "String",
        "token_name": "String",
        "chain": "Chain",
        "decimals": "Decimals",
        "desc": "String"
    },
    "AssetRestriction": {
        "_enum": [
            "Move",
            "Transfer",
            "Deposit",
            "Withdraw",
            "DestroyWithdrawal",
            "DestroyFree"
        ]
    },
    "Handicap": {
        "highest_bid": "Price",
        "lowest_ask": "Price"
    },
    "NetworkType": {
        "_enum": [
            "Mainnet",
            "Testnet"
        ]
    },
    "Order": {
        "props": "OrderProperty",
        "status": "OrderStatus",
        "remaining": "Balance",
        "executed_indices": "Vec<TradingHistoryIndex>",
        "already_filled": "Balance",
        "last_update_at": "BlockNumber"
    },
    "OrderProperty": {
        "id": "OrderId",
        "side": "Side",
        "price": "Price",
        "amount": "Amount",
        "pair_id": "TradingPairId",
        "submitter": "AccountId",
        "order_type": "OrderType",
        "created_at": "BlockNumber"
    },
    "TotalAssetInfo": {
        "info": "AssetInfo",
        "balance": "BTreeMap<AssetType, Balance>",
        "is_online": "bool",
        "restrictions": "AssetRestrictions"
    },
    "NominatorLedger": {
        "nomination": "Balance",
        "last_vote_weight": "VoteWeight",
        "last_vote_weight_update": "BlockNumber",
        "unbonded_chunks": "Vec<Unbonded>"
    },
    "Unbonded": {
        "value": "Balance",
        "locked_until": "BlockNumber"
    },
    "WithdrawalRecordId": "u32",
    "WithdrawalState": {
        "_enum": [
            "Applying",
            "Processing",
            "NormalFinish",
            "RootFinish",
            "NormalCancel",
            "RootCancel"
        ]
    },
    "WithdrawalRecord": {
        "asset_id": "AssetId",
        "applicant": "AccountId",
        "balance": "Balance",
        "addr": "AddrStr",
        "ext": "Memo",
        "height": "BlockNumber"
    },
    "WithdrawalLimit": {
        "minimal_withdrawal": "Balance",
        "fee": "Balance"
    },
    "TrusteeInfoConfig": {
        "min_trustee_count": "u32",
        "max_trustee_count": "u32"
    },
    "GenericTrusteeIntentionProps": {
        "about": "Text",
        "hot_entity": "Vec<u8>",
        "cold_entity": "Vec<u8>"
    },
    "GenericTrusteeSessionInfo": {
        "trustee_list": "Vec<AccountId>",
        "threshold": "u16",
        "hot_address": "Vec<u8>",
        "cold_address": "Vec<u8>"
    },
    "ChainAddress": "Vec<u8>",
    "BtcTrusteeType": "Vec<u8>",
    "BtcTrusteeAddrInfo": {
        "addr": "BtcAddress",
        "redeem_script": "Vec<u8>"
    },
    "BtcTrusteeIntentionProps": {
        "about": "Text",
        "hot_entity": "BtcTrusteeType",
        "cold_entity": "BtcTrusteeType"
    },
    "BtcTrusteeSessionInfo": {
        "trustee_list": "Vec<AccountId>",
        "threshold": "u16",
        "hot_address": "BtcTrusteeAddrInfo",
        "cold_address": "BtcTrusteeAddrInfo"
    },
    "BtcNetwork": {
        "_enum": [
            "Mainnet",
            "Testnet"
        ]
    },
    "BtcAddress": "Text",
    "BtcHeader": "Vec<u8>",
    "BtcTransaction": "Vec<u8>",
    "BtcPartialMerkleTree": "Vec<u8>",
    "BtcRelayedTxInfo": {
        "block_hash": "H256",
        "merkle_proof": "BtcPartialMerkleTree"
    },
    "BtcHeaderIndex": {
        "hash": "H256",
        "height": "u32"
    },
    "BtcTxResult": {
        "_enum": [
            "Success",
            "Failure"
        ]
    },
    "BtcTxState": {
        "tx_type": "BtcTxType",
        "result": "BtcTxResult"
    },
    "BtcTxType": {
        "_enum": [
            "Withdrawal",
            "Deposit",
            "HotAndCold",
            "TrusteeTransition",
            "Irrelevance"
        ]
    },
    "BtcDepositCache": {
        "txid": "H256",
        "balance": "u64"
    },
    "BtcVoteResult": {
        "_enum": [
            "Unfinish",
            "Finish"
        ]
    },
    "BtcWithdrawalProposal": {
        "sig_state": "BtcVoteResult",
        "withdrawal_id_list": "Vec<u32>",
        "tx": "BtcTransaction",
        "trustee_list": "Vec<(AccountId, bool)>"
    },
    "BtcTxVerifier": {
        "_enum": [
            "Recover",
            "RuntimeInterface"
        ]
    },
    "RpcTotalAssetInfo": {
        "info": "AssetInfo",
        "balance": "BTreeMap<AssetType, RpcBalance>",
        "is_online": "bool",
        "restrictions": "AssetRestrictions"
    },
    "RpcOrder": {
        "id": "OrderId",
        "side": "Side",
        "price": "RpcPrice",
        "amount": "RpcBalance",
        "pair_id": "TradingPairId",
        "submitter": "AccountId",
        "order_type": "OrderType",
        "created_at": "BlockNumber",
        "status": "OrderStatus",
        "remaining": "RpcBalance",
        "executed_indices": "Vec<TradingHistoryIndex>",
        "already_filled": "RpcBalance",
        "reserved_balance": "RpcBalance",
        "last_update_at": "BlockNumber"
    },
    "RpcWithdrawalRecord": {
        "asset_id": "AssetId",
        "applicant": "AccountId",
        "balance": "RpcBalance",
        "addr": "String",
        "ext": "String",
        "height": "BlockNumber",
        "state": "WithdrawalState"
    },
    "RpcMiningDividendInfo": {
        "own": "RpcBalance",
        "other": "RpcBalance",
        "insufficient_stake": "RpcBalance"
    },
    "RpcInclusionFee": {
        "base_fee": "RpcBalance",
        "len_fee": "RpcBalance",
        "adjusted_weight_fee": "RpcBalance"
    },
    "RpcFeeDetails": {
        "inclusion_fee": "Option<RpcInclusionFee>",
        "tip": "RpcBalance",
        "extra_fee": "RpcBalance",
        "final_fee": "RpcBalance"
    },
    "ValidatorInfo": {
        "account": "AccountId",
        "registered_at": "BlockNumber",
        "is_chilled": "bool",
        "last_chilled": "Option<BlockNumber>",
        "total_nomination": "RpcBalance",
        "last_total_vote_weight": "RpcVoteWeight",
        "last_total_vote_weight_update": "BlockNumber",
        "is_validating": "bool",
        "self_bonded": "RpcBalance",
        "referral_id": "String",
        "reward_pot_account": "AccountId",
        "reward_pot_balance": "RpcBalance"
    },
    "FullPairInfo": {
        "base_currency": "AssetId",
        "highest_bid": "RpcPrice",
        "id": "TradingPairId",
        "latest_price": "RpcPrice",
        "latest_price_updated_at": "BlockNumber",
        "lowest_ask": "RpcPrice",
        "max_valid_bid": "RpcPrice",
        "min_valid_ask": "RpcPrice",
        "pip_decimals": "u32",
        "quote_currency": "AssetId",
        "tick_decimals": "u32",
        "tradable": "bool"
    },
    "MiningAssetInfo": {
        "asset_id": "AssetId",
        "mining_power": "FixedAssetPower",
        "reward_pot": "AccountId",
        "reward_pot_balance": "RpcBalance",
        "last_total_mining_weight": "RpcMiningWeight",
        "last_total_mining_weight_update": "BlockNumber"
    },
    "Depth": {
        "asks": "Vec<(RpcPrice, RpcBalance)>",
        "bids": "Vec<(RpcPrice, RpcBalance)>"
    },
    "Page": {
        "page_index": "u32",
        "page_size": "u32",
        "data": "Vec<RpcOrder>"
    },
    "AssetRestrictions":  {
        "bits": "u32"
    },
    "String": "Text",
    "Price": "u128",
    "Balance": "u128",
    "MiningWeight": "u128",
    "VoteWeight": "u128",
    "RpcPrice": "String",
    "RpcBalance": "String",
    "RpcMiningWeight": "String",
    "RpcVoteWeight": "String",
    "OrderInfo": "Order",
    "HandicapInfo": "Handicap",
    "FullIdentification": "ValidatorId",
    "WithdrawalRecordOf": "WithdrawalRecord"
}
