[
  {
    "inputs": [
      { "internalType": "address", "name": "newAdmin", "type": "address" },
      {
        "internalType": "address payable",
        "name": "newBeneficiary",
        "type": "address"
      },
      { "internalType": "address", "name": "newRkl", "type": "address" }
    ],
    "stateMutability": "nonpayable",
    "type": "constructor"
  },
  {
    "anonymous": false,
    "inputs": [
      {
        "indexed": true,
        "internalType": "uint256",
        "name": "tokenID",
        "type": "uint256"
      },
      {
        "indexed": false,
        "internalType": "string",
        "name": "bio",
        "type": "string"
      }
    ],
    "name": "SetBio",
    "type": "event"
  },
  {
    "anonymous": false,
    "inputs": [
      {
        "indexed": true,
        "internalType": "uint256",
        "name": "tokenID",
        "type": "uint256"
      },
      {
        "indexed": false,
        "internalType": "bytes32",
        "name": "name",
        "type": "bytes32"
      }
    ],
    "name": "SetName",
    "type": "event"
  },
  {
    "inputs": [],
    "name": "admin",
    "outputs": [{ "internalType": "address", "name": "", "type": "address" }],
    "stateMutability": "view",
    "type": "function"
  },
  {
    "inputs": [
      { "internalType": "string[]", "name": "_bios", "type": "string[]" },
      { "internalType": "uint256[]", "name": "tokenIDs", "type": "uint256[]" }
    ],
    "name": "batchSetBio",
    "outputs": [],
    "stateMutability": "payable",
    "type": "function"
  },
  {
    "inputs": [
      { "internalType": "bytes32[]", "name": "_names", "type": "bytes32[]" },
      { "internalType": "uint256[]", "name": "tokenIDs", "type": "uint256[]" }
    ],
    "name": "batchSetName",
    "outputs": [],
    "stateMutability": "payable",
    "type": "function"
  },
  {
    "inputs": [
      { "internalType": "bytes32[]", "name": "_names", "type": "bytes32[]" },
      { "internalType": "string[]", "name": "_bios", "type": "string[]" },
      { "internalType": "uint256[]", "name": "tokenIDs", "type": "uint256[]" }
    ],
    "name": "batchSetNameAndBio",
    "outputs": [],
    "stateMutability": "payable",
    "type": "function"
  },
  {
    "inputs": [],
    "name": "beneficiary",
    "outputs": [
      { "internalType": "address payable", "name": "", "type": "address" }
    ],
    "stateMutability": "view",
    "type": "function"
  },
  {
    "inputs": [{ "internalType": "uint256", "name": "", "type": "uint256" }],
    "name": "bios",
    "outputs": [{ "internalType": "string", "name": "", "type": "string" }],
    "stateMutability": "view",
    "type": "function"
  },
  {
    "inputs": [],
    "name": "changePrice",
    "outputs": [{ "internalType": "uint256", "name": "", "type": "uint256" }],
    "stateMutability": "view",
    "type": "function"
  },
  {
    "inputs": [
      { "internalType": "address", "name": "newAdmin", "type": "address" }
    ],
    "name": "editAdmin",
    "outputs": [],
    "stateMutability": "nonpayable",
    "type": "function"
  },
  {
    "inputs": [
      {
        "internalType": "address payable",
        "name": "newBeneficiary",
        "type": "address"
      }
    ],
    "name": "editBeneficiary",
    "outputs": [],
    "stateMutability": "nonpayable",
    "type": "function"
  },
  {
    "inputs": [
      { "internalType": "uint256", "name": "newChangePrice", "type": "uint256" }
    ],
    "name": "editPrice",
    "outputs": [],
    "stateMutability": "nonpayable",
    "type": "function"
  },
  {
    "inputs": [{ "internalType": "uint256", "name": "", "type": "uint256" }],
    "name": "names",
    "outputs": [{ "internalType": "bytes32", "name": "", "type": "bytes32" }],
    "stateMutability": "view",
    "type": "function"
  },
  {
    "inputs": [],
    "name": "rkl",
    "outputs": [
      { "internalType": "contract IERC721", "name": "", "type": "address" }
    ],
    "stateMutability": "view",
    "type": "function"
  },
  {
    "inputs": [
      { "internalType": "string", "name": "bio", "type": "string" },
      { "internalType": "uint256", "name": "tokenID", "type": "uint256" }
    ],
    "name": "setBio",
    "outputs": [],
    "stateMutability": "payable",
    "type": "function"
  },
  {
    "inputs": [
      { "internalType": "bytes32", "name": "name", "type": "bytes32" },
      { "internalType": "uint256", "name": "tokenID", "type": "uint256" }
    ],
    "name": "setName",
    "outputs": [],
    "stateMutability": "payable",
    "type": "function"
  },
  {
    "inputs": [
      { "internalType": "bytes32", "name": "name", "type": "bytes32" },
      { "internalType": "string", "name": "bio", "type": "string" },
      { "internalType": "uint256", "name": "tokenID", "type": "uint256" }
    ],
    "name": "setNameAndBio",
    "outputs": [],
    "stateMutability": "payable",
    "type": "function"
  },
  {
    "inputs": [],
    "name": "withdraw",
    "outputs": [],
    "stateMutability": "nonpayable",
    "type": "function"
  }
]
