{
  "address": "8e049da484e853d92d118be16377ff616275d470",
  "crypto": {
    "cipher": "aes-128-ctr",
    "ciphertext": "7912715bd7c0754f393c83fb76e381e7390cf0d31bdf5b6cfb1e360b765b6afe",
    "cipherparams": {
      "iv": "49e5a2fc31dae4aa0277b8c498c546fd"
    },
    "kdf": "scrypt",
    "kdfparams": {
      "dklen": 32,
      "n": 4096,
      "p": 6,
      "r": 8,
      "salt": "5ae79ae9e57fd62902695637cfe134d14a7120fa6dc7bf1e9cf97e636eaccae1"
    },
    "mac": "0a5194f97f6ffae80aa15d23f0a11a001b276fe7b76f2f3762b09df77fc81256"
  },
  "id": "afb46908-5019-41d6-bc60-e369d3b5e1a7",
  "version": 3
}