{"id":"22a3741e-07b1-0cb0-80de-e6c56c17b276","version":3,"crypto":{"cipher":"aes-128-ctr","cipherparams":{"iv":"4aa67ba65757583f02e450c9c48c7404"},"ciphertext":"7ad169a1da815b619395aad94c41176702235cc87665c5ebe15df8b1e365d341","kdf":"pbkdf2","kdfparams":{"c":10240,"dklen":32,"prf":"hmac-sha256","salt":"317de285420d0adfbb46bd9cb0957166724faea84ab3af07d70976ab85b7381b"},"mac":"09bdad8d866a8a56ab28eabcfe917f6f77ce2a0581e8cb2ebad9c945a4212bf6"},"address":"005b3bcf82085eededd551f50de7892471ffb272","name":"Account 1","meta":"{\"description\":\"\",\"passwordHint\":\"no pass\",\"tags\":[],\"timestamp\":1494592695954}"}
